name;nodes;edges;edge_percentage;algorithm;k;independent_k;result;solution;elapsed_time;operations_count;solutions_count
graph_4_0.5.gml;4;3;0.5;brute_force;0.125;0;True;-1;0.0;-1;-1
graph_4_0.5.gml;4;3;0.5;brute_force;0.25;1;True;(11, 68);0.0;1;-1
graph_4_0.5.gml;4;3;0.5;brute_force;0.5;2;True;(11, 68):(99, 95);0.0;4;1
graph_4_0.5.gml;4;3;0.5;brute_force;0.75;3;False;-1;0.0;10;4
graph_4_0.25.gml;4;1;0.25;brute_force;0.125;0;True;-1;0.0;-1;-1
graph_4_0.25.gml;4;1;0.25;brute_force;0.25;1;True;(11, 68);0.0;1;-1
graph_4_0.25.gml;4;1;0.25;brute_force;0.5;2;True;(11, 68):(99, 95);0.0;4;1
graph_4_0.25.gml;4;1;0.25;brute_force;0.75;3;True;(11, 68):(99, 95):(30, 2);0.0;8;2
graph_4_0.75.gml;4;4;0.75;brute_force;0.125;0;True;-1;0.0;-1;-1
graph_4_0.75.gml;4;4;0.75;brute_force;0.25;1;True;(11, 68);0.0;1;-1
graph_4_0.75.gml;4;4;0.75;brute_force;0.5;2;True;(11, 68):(30, 2);0.0;6;2
graph_4_0.75.gml;4;4;0.75;brute_force;0.75;3;False;-1;0.0;8;4
graph_4_0.125.gml;4;0;0.125;brute_force;0.125;0;True;-1;0.0;-1;-1
graph_4_0.125.gml;4;0;0.125;brute_force;0.25;1;True;(11, 68);0.0;1;-1
graph_4_0.125.gml;4;0;0.125;brute_force;0.5;2;True;(11, 68):(100, 6);0.0;2;-1
graph_4_0.125.gml;4;0;0.125;brute_force;0.75;3;True;(11, 68):(99, 95):(100, 6);0.0;4;-1
graph_5_0.5.gml;5;5;0.5;brute_force;0.125;0;True;-1;0.0;-1;-1
graph_5_0.5.gml;5;5;0.5;brute_force;0.25;1;True;(11, 68);0.0;1;-1
graph_5_0.5.gml;5;5;0.5;brute_force;0.5;2;True;(11, 68):(100, 6);0.0;2;-1
graph_5_0.5.gml;5;5;0.5;brute_force;0.75;3;False;-1;0.0;27;10
graph_5_0.25.gml;5;2;0.25;brute_force;0.125;0;True;-1;0.0;-1;-1
graph_5_0.25.gml;5;2;0.25;brute_force;0.25;1;True;(11, 68);0.0;1;-1
graph_5_0.25.gml;5;2;0.25;brute_force;0.5;2;True;(11, 68):(100, 6);0.0;2;-1
graph_5_0.25.gml;5;2;0.25;brute_force;0.75;3;True;(11, 68):(99, 95):(100, 6);0.0;4;-1
graph_5_0.75.gml;5;7;0.75;brute_force;0.125;0;True;-1;0.0;-1;-1
graph_5_0.75.gml;5;7;0.75;brute_force;0.25;1;True;(11, 68);0.0;1;-1
graph_5_0.75.gml;5;7;0.75;brute_force;0.5;2;True;(99, 95):(100, 6);0.0;10;4
graph_5_0.75.gml;5;7;0.75;brute_force;0.75;3;False;-1;0.0;24;10
graph_5_0.125.gml;5;1;0.125;brute_force;0.125;0;True;-1;0.0;-1;-1
graph_5_0.125.gml;5;1;0.125;brute_force;0.25;1;True;(11, 68);0.0;1;-1
graph_5_0.125.gml;5;1;0.125;brute_force;0.5;2;True;(11, 68):(100, 6);0.0;2;-1
graph_5_0.125.gml;5;1;0.125;brute_force;0.75;3;True;(11, 68):(99, 95):(100, 6);0.0;4;-1
graph_6_0.5.gml;6;7;0.5;brute_force;0.125;0;True;-1;0.0;-1;-1
graph_6_0.5.gml;6;7;0.5;brute_force;0.25;1;True;(11, 68);0.0;1;-1
graph_6_0.5.gml;6;7;0.5;brute_force;0.5;3;True;(63, 50):(99, 95):(100, 6);0.0;29;11
graph_6_0.5.gml;6;7;0.5;brute_force;0.75;4;True;(63, 50):(99, 95):(51, 100):(100, 6);0.0;34;12
graph_6_0.25.gml;6;3;0.25;brute_force;0.125;0;True;-1;0.0;-1;-1
graph_6_0.25.gml;6;3;0.25;brute_force;0.25;1;True;(11, 68);0.0;1;-1
graph_6_0.25.gml;6;3;0.25;brute_force;0.5;3;True;(11, 68):(63, 50):(100, 6);0.0;11;2
graph_6_0.25.gml;6;3;0.25;brute_force;0.75;4;True;(63, 50):(99, 95):(51, 100):(100, 6);0.0;45;12
graph_6_0.75.gml;6;11;0.75;brute_force;0.125;0;True;-1;0.0;-1;-1
graph_6_0.75.gml;6;11;0.75;brute_force;0.25;1;True;(11, 68);0.0;1;-1
graph_6_0.75.gml;6;11;0.75;brute_force;0.5;3;True;(99, 95):(51, 100):(100, 6);0.0;31;12
graph_6_0.75.gml;6;11;0.75;brute_force;0.75;4;False;-1;0.0;35;15
graph_6_0.125.gml;6;1;0.125;brute_force;0.125;0;True;-1;0.0;-1;-1
graph_6_0.125.gml;6;1;0.125;brute_force;0.25;1;True;(11, 68);0.0;1;-1
graph_6_0.125.gml;6;1;0.125;brute_force;0.5;3;True;(11, 68):(30, 2):(100, 6);0.0;7;1
graph_6_0.125.gml;6;1;0.125;brute_force;0.75;4;True;(11, 68):(30, 2):(100, 6):(63, 50);0.0;16;3
graph_7_0.5.gml;7;10;0.5;brute_force;0.125;0;True;-1;0.0;-1;-1
graph_7_0.5.gml;7;10;0.5;brute_force;0.25;1;True;(11, 68);0.0009913444519042969;1;-1
graph_7_0.5.gml;7;10;0.5;brute_force;0.5;3;True;(11, 68):(99, 95):(100, 6);0.0;4;-1
graph_7_0.5.gml;7;10;0.5;brute_force;0.75;5;False;-1;0.0;97;21
graph_7_0.25.gml;7;5;0.25;brute_force;0.125;0;True;-1;0.0;-1;-1
graph_7_0.25.gml;7;5;0.25;brute_force;0.25;1;True;(11, 68);0.0;1;-1
graph_7_0.25.gml;7;5;0.25;brute_force;0.5;3;True;(11, 68):(99, 95):(100, 6);0.0;4;-1
graph_7_0.25.gml;7;5;0.25;brute_force;0.75;5;False;-1;0.0;144;21
graph_7_0.75.gml;7;15;0.75;brute_force;0.125;0;True;-1;0.0;-1;-1
graph_7_0.75.gml;7;15;0.75;brute_force;0.25;1;True;(11, 68);0.0;1;-1
graph_7_0.75.gml;7;15;0.75;brute_force;0.5;3;True;(11, 68):(99, 95):(100, 6);0.0;4;-1
graph_7_0.75.gml;7;15;0.75;brute_force;0.75;5;False;-1;0.0;70;21
graph_7_0.125.gml;7;2;0.125;brute_force;0.125;0;True;-1;0.0;-1;-1
graph_7_0.125.gml;7;2;0.125;brute_force;0.25;1;True;(11, 68);0.0;1;-1
graph_7_0.125.gml;7;2;0.125;brute_force;0.5;3;True;(11, 68):(99, 95):(100, 6);0.0;4;-1
graph_7_0.125.gml;7;2;0.125;brute_force;0.75;5;True;(11, 68):(100, 6):(51, 100):(99, 95):(30, 2);0.0;22;1
graph_8_0.5.gml;8;14;0.5;brute_force;0.125;1;True;(11, 68);0.0;1;-1
graph_8_0.5.gml;8;14;0.5;brute_force;0.25;2;True;(11, 68):(99, 95);0.0;4;1
graph_8_0.5.gml;8;14;0.5;brute_force;0.5;4;True;(11, 68):(99, 95):(51, 100):(1, 29);0.0;58;22
graph_8_0.5.gml;8;14;0.5;brute_force;0.75;6;False;-1;0.0;61;28
graph_8_0.25.gml;8;7;0.25;brute_force;0.125;1;True;(11, 68);0.0;1;-1
graph_8_0.25.gml;8;7;0.25;brute_force;0.25;2;True;(11, 68):(100, 6);0.0;2;-1
graph_8_0.25.gml;8;7;0.25;brute_force;0.5;4;True;(11, 68):(99, 95):(51, 100):(100, 6);0.0;17;2
graph_8_0.25.gml;8;7;0.25;brute_force;0.75;6;False;-1;0.000995635986328125;127;28
graph_8_0.75.gml;8;21;0.75;brute_force;0.125;1;True;(11, 68);0.0;1;-1
graph_8_0.75.gml;8;21;0.75;brute_force;0.25;2;True;(11, 68):(99, 95);0.0;4;1
graph_8_0.75.gml;8;21;0.75;brute_force;0.5;4;False;-1;0.0;154;70
graph_8_0.75.gml;8;21;0.75;brute_force;0.75;6;False;-1;0.0;61;28
graph_8_0.125.gml;8;3;0.125;brute_force;0.125;1;True;(11, 68);0.0;1;-1
graph_8_0.125.gml;8;3;0.125;brute_force;0.25;2;True;(11, 68):(100, 6);0.0;2;-1
graph_8_0.125.gml;8;3;0.125;brute_force;0.5;4;True;(11, 68):(99, 95):(100, 6):(30, 2);0.0;7;-1
graph_8_0.125.gml;8;3;0.125;brute_force;0.75;6;True;(11, 68):(99, 58):(63, 50):(51, 100):(99, 95):(30, 2);0.0;166;16
graph_9_0.5.gml;9;18;0.5;brute_force;0.125;1;True;(11, 68);0.0013980865478515625;1;-1
graph_9_0.5.gml;9;18;0.5;brute_force;0.25;2;True;(11, 68):(99, 95);0.0;4;1
graph_9_0.5.gml;9;18;0.5;brute_force;0.5;4;True;(63, 50):(64, 8):(99, 58):(100, 6);0.0;294;86
graph_9_0.5.gml;9;18;0.5;brute_force;0.75;6;False;-1;0.0;273;84
graph_9_0.25.gml;9;9;0.25;brute_force;0.125;1;True;(11, 68);0.0;1;-1
graph_9_0.25.gml;9;9;0.25;brute_force;0.25;2;True;(11, 68):(99, 95);0.0;4;1
graph_9_0.25.gml;9;9;0.25;brute_force;0.5;4;True;(11, 68):(99, 95):(64, 8):(30, 2);0.0;71;25
graph_9_0.25.gml;9;9;0.25;brute_force;0.75;6;False;-1;0.001207113265991211;436;84
graph_9_0.75.gml;9;27;0.75;brute_force;0.125;1;True;(11, 68);0.0;1;-1
graph_9_0.75.gml;9;27;0.75;brute_force;0.25;2;True;(30, 2):(100, 6);0.0;20;9
graph_9_0.75.gml;9;27;0.75;brute_force;0.5;4;False;-1;0.0;277;126
graph_9_0.75.gml;9;27;0.75;brute_force;0.75;6;False;-1;0.001001119613647461;174;84
graph_9_0.125.gml;9;4;0.125;brute_force;0.125;1;True;(11, 68);0.0;1;-1
graph_9_0.125.gml;9;4;0.125;brute_force;0.25;2;True;(11, 68):(99, 95);0.0;4;1
graph_9_0.125.gml;9;4;0.125;brute_force;0.5;4;True;(11, 68):(99, 95):(51, 100):(30, 2);0.0;56;22
graph_9_0.125.gml;9;4;0.125;brute_force;0.75;6;True;(99, 58):(1, 29):(100, 6):(51, 100):(99, 95):(30, 2);0.0;292;62
graph_10_0.5.gml;10;22;0.5;brute_force;0.125;1;True;(11, 68);0.0;1;-1
graph_10_0.5.gml;10;22;0.5;brute_force;0.25;2;True;(11, 68):(99, 95);0.0;4;1
graph_10_0.5.gml;10;22;0.5;brute_force;0.5;5;False;-1;0.0;665;252
graph_10_0.5.gml;10;22;0.5;brute_force;0.75;7;False;-1;0.0;287;120
graph_10_0.25.gml;10;11;0.25;brute_force;0.125;1;True;(11, 68);0.0;1;-1
graph_10_0.25.gml;10;11;0.25;brute_force;0.25;2;True;(11, 68):(99, 95);0.0;4;1
graph_10_0.25.gml;10;11;0.25;brute_force;0.5;5;True;(1, 29):(100, 6):(63, 50):(51, 100):(99, 95);0.0;398;141
graph_10_0.25.gml;10;11;0.25;brute_force;0.75;7;False;-1;0.0010166168212890625;396;120
graph_10_0.75.gml;10;33;0.75;brute_force;0.125;1;True;(11, 68);0.0;1;-1
graph_10_0.75.gml;10;33;0.75;brute_force;0.25;2;True;(11, 68):(99, 95);0.0;4;1
graph_10_0.75.gml;10;33;0.75;brute_force;0.5;5;False;-1;0.0;571;252
graph_10_0.75.gml;10;33;0.75;brute_force;0.75;7;False;-1;0.0;264;120
graph_10_0.125.gml;10;5;0.125;brute_force;0.125;1;True;(11, 68);0.0;1;-1
graph_10_0.125.gml;10;5;0.125;brute_force;0.25;2;True;(11, 68):(100, 6);0.0;2;-1
graph_10_0.125.gml;10;5;0.125;brute_force;0.5;5;True;(11, 68):(100, 6):(63, 50):(51, 100):(99, 95);0.0;35;6
graph_10_0.125.gml;10;5;0.125;brute_force;0.75;7;True;(11, 68):(99, 58):(1, 29):(100, 6):(63, 50):(51, 100):(99, 95);0.0;102;20
graph_11_0.5.gml;11;27;0.5;brute_force;0.125;1;True;(11, 68);0.00099945068359375;1;-1
graph_11_0.5.gml;11;27;0.5;brute_force;0.25;2;True;(11, 68):(99, 58);0.0;14;6
graph_11_0.5.gml;11;27;0.5;brute_force;0.5;5;False;-1;0.0009996891021728516;1267;462
graph_11_0.5.gml;11;27;0.5;brute_force;0.75;8;False;-1;0.0;425;165
graph_11_0.25.gml;11;13;0.25;brute_force;0.125;1;True;(11, 68);0.0;1;-1
graph_11_0.25.gml;11;13;0.25;brute_force;0.25;2;True;(11, 68):(99, 95);0.0;4;1
graph_11_0.25.gml;11;13;0.25;brute_force;0.5;5;True;(11, 68):(1, 29):(51, 100):(99, 95):(30, 2);0.0;203;90
graph_11_0.25.gml;11;13;0.25;brute_force;0.75;8;False;-1;0.0;542;165
graph_11_0.75.gml;11;41;0.75;brute_force;0.125;1;True;(11, 68);0.0;1;-1
graph_11_0.75.gml;11;41;0.75;brute_force;0.25;2;True;(11, 68):(99, 58);0.0;14;6
graph_11_0.75.gml;11;41;0.75;brute_force;0.5;5;False;-1;0.0;1069;462
graph_11_0.75.gml;11;41;0.75;brute_force;0.75;8;False;-1;0.0;367;165
graph_11_0.125.gml;11;6;0.125;brute_force;0.125;1;True;(11, 68);0.001001119613647461;1;-1
graph_11_0.125.gml;11;6;0.125;brute_force;0.25;2;True;(11, 68):(99, 95);0.0;4;1
graph_11_0.125.gml;11;6;0.125;brute_force;0.5;5;True;(11, 68):(63, 50):(51, 100):(99, 95):(30, 2);0.0;179;84
graph_11_0.125.gml;11;6;0.125;brute_force;0.75;8;True;(11, 68):(99, 58):(1, 29):(63, 50):(51, 100):(1, 100):(99, 95):(30, 2);0.0;219;86
graph_12_0.5.gml;12;33;0.5;brute_force;0.125;1;True;(11, 68);0.0;1;-1
graph_12_0.5.gml;12;33;0.5;brute_force;0.25;3;True;(11, 68):(63, 50):(100, 6);0.0;12;2
graph_12_0.5.gml;12;33;0.5;brute_force;0.5;6;False;-1;0.0;3520;924
graph_12_0.5.gml;12;33;0.5;brute_force;0.75;9;False;-1;0.0;1097;220
graph_12_0.25.gml;12;16;0.25;brute_force;0.125;1;True;(11, 68);0.0;1;-1
graph_12_0.25.gml;12;16;0.25;brute_force;0.25;3;True;(11, 68):(63, 50):(100, 6);0.0;12;2
graph_12_0.25.gml;12;16;0.25;brute_force;0.5;6;True;(11, 68):(99, 58):(100, 6):(63, 50):(1, 100):(1, 29);0.0010328292846679688;1113;157
graph_12_0.25.gml;12;16;0.25;brute_force;0.75;9;False;-1;0.0;1735;220
graph_12_0.75.gml;12;49;0.75;brute_force;0.125;1;True;(11, 68);0.0;1;-1
graph_12_0.75.gml;12;49;0.75;brute_force;0.25;3;True;(63, 50):(1, 29):(99, 58);0.0;392;170
graph_12_0.75.gml;12;49;0.75;brute_force;0.5;6;False;-1;0.0009391307830810547;2129;924
graph_12_0.75.gml;12;49;0.75;brute_force;0.75;9;False;-1;0.0;465;220
graph_12_0.125.gml;12;8;0.125;brute_force;0.125;1;True;(11, 68);0.0;1;-1
graph_12_0.125.gml;12;8;0.125;brute_force;0.25;3;True;(11, 68):(99, 95):(100, 6);0.0;4;-1
graph_12_0.125.gml;12;8;0.125;brute_force;0.5;6;True;(11, 68):(1, 29):(100, 6):(63, 50):(51, 100):(99, 95);0.0;226;28
graph_12_0.125.gml;12;8;0.125;brute_force;0.75;9;False;-1;0.0009982585906982422;2111;220
graph_13_0.5.gml;13;39;0.5;brute_force;0.125;1;True;(11, 68);0.0;1;-1
graph_13_0.5.gml;13;39;0.5;brute_force;0.25;3;True;(11, 68):(99, 95):(30, 2);0.0;26;11
graph_13_0.5.gml;13;39;0.5;brute_force;0.5;6;False;-1;0.0030641555786132812;5155;1716
graph_13_0.5.gml;13;39;0.5;brute_force;0.75;9;False;-1;0.000985860824584961;1963;715
graph_13_0.25.gml;13;19;0.25;brute_force;0.125;1;True;(11, 68);0.0;1;-1
graph_13_0.25.gml;13;19;0.25;brute_force;0.25;3;True;(11, 68):(99, 95):(30, 2);0.0;26;11
graph_13_0.25.gml;13;19;0.25;brute_force;0.5;6;True;(11, 68):(51, 100):(33, 37):(99, 95):(64, 8):(30, 2);0.0;953;369
graph_13_0.25.gml;13;19;0.25;brute_force;0.75;9;False;-1;0.0;2477;715
graph_13_0.75.gml;13;58;0.75;brute_force;0.125;1;True;(11, 68);0.0;1;-1
graph_13_0.75.gml;13;58;0.75;brute_force;0.25;3;True;(99, 95):(33, 37):(30, 2);0.0009675025939941406;297;126
graph_13_0.75.gml;13;58;0.75;brute_force;0.5;6;False;-1;0.0;3850;1716
graph_13_0.75.gml;13;58;0.75;brute_force;0.75;9;False;-1;0.0;1492;715
graph_13_0.125.gml;13;9;0.125;brute_force;0.125;1;True;(11, 68);0.0;1;-1
graph_13_0.125.gml;13;9;0.125;brute_force;0.25;3;True;(11, 68):(99, 95):(100, 6);0.0009975433349609375;4;-1
graph_13_0.125.gml;13;9;0.125;brute_force;0.5;6;True;(11, 68):(1, 29):(100, 6):(63, 50):(51, 100):(99, 95);0.0;286;36
graph_13_0.125.gml;13;9;0.125;brute_force;0.75;9;True;(11, 68):(41, 72):(1, 29):(63, 50):(51, 100):(33, 37):(99, 95):(64, 8):(30, 2);0.0009999275207519531;3308;342
graph_14_0.5.gml;14;45;0.5;brute_force;0.125;1;True;(11, 68);0.0010008811950683594;1;-1
graph_14_0.5.gml;14;45;0.5;brute_force;0.25;3;True;(11, 68):(30, 2):(64, 8);0.0;63;27
graph_14_0.5.gml;14;45;0.5;brute_force;0.5;7;False;-1;0.0019981861114501953;9029;3432
graph_14_0.5.gml;14;45;0.5;brute_force;0.75;10;False;-1;0.0;2328;1001
graph_14_0.25.gml;14;22;0.25;brute_force;0.125;1;True;(11, 68);0.0;1;-1
graph_14_0.25.gml;14;22;0.25;brute_force;0.25;3;True;(11, 68):(99, 95):(100, 6);0.0;4;-1
graph_14_0.25.gml;14;22;0.25;brute_force;0.5;7;True;(11, 68):(100, 6):(51, 100):(33, 37):(99, 95):(64, 8):(30, 2);0.0;325;49
graph_14_0.25.gml;14;22;0.25;brute_force;0.75;10;False;-1;0.0010004043579101562;5698;1001
graph_14_0.75.gml;14;68;0.75;brute_force;0.125;1;True;(11, 68);0.0;1;-1
graph_14_0.75.gml;14;68;0.75;brute_force;0.25;3;True;(11, 68):(30, 2):(41, 72);0.0;74;31
graph_14_0.75.gml;14;68;0.75;brute_force;0.5;7;False;-1;0.0025091171264648438;8028;3432
graph_14_0.75.gml;14;68;0.75;brute_force;0.75;10;False;-1;0.0;2184;1001
graph_14_0.125.gml;14;11;0.125;brute_force;0.125;1;True;(11, 68);0.0;1;-1
graph_14_0.125.gml;14;11;0.125;brute_force;0.25;3;True;(11, 68):(99, 95):(100, 6);0.0;4;-1
graph_14_0.125.gml;14;11;0.125;brute_force;0.5;7;True;(11, 68):(1, 29):(100, 6):(63, 50):(51, 100):(99, 95):(30, 2);0.0;22;-1
graph_14_0.125.gml;14;11;0.125;brute_force;0.75;10;False;-1;0.003000974655151367;11369;1001
graph_15_0.5.gml;15;52;0.5;brute_force;0.125;1;True;(11, 68);0.0;1;-1
graph_15_0.5.gml;15;52;0.5;brute_force;0.25;3;True;(11, 68):(99, 95):(100, 6);0.0;4;-1
graph_15_0.5.gml;15;52;0.5;brute_force;0.5;7;False;-1;0.003998756408691406;18188;6435
graph_15_0.5.gml;15;52;0.5;brute_force;0.75;11;False;-1;0.0014872550964355469;4503;1365
graph_15_0.25.gml;15;26;0.25;brute_force;0.125;1;True;(11, 68);0.0;1;-1
graph_15_0.25.gml;15;26;0.25;brute_force;0.25;3;True;(11, 68):(99, 95):(100, 6);0.00099945068359375;4;-1
graph_15_0.25.gml;15;26;0.25;brute_force;0.5;7;True;(11, 68):(72, 79):(3, 1):(51, 100):(1, 100):(99, 95):(30, 2);0.002000570297241211;8512;1483
graph_15_0.25.gml;15;26;0.25;brute_force;0.75;11;False;-1;0.0009989738464355469;6236;1365
graph_15_0.75.gml;15;78;0.75;brute_force;0.125;1;True;(11, 68);0.0;1;-1
graph_15_0.75.gml;15;78;0.75;brute_force;0.25;3;True;(11, 68):(84, 31):(100, 6);0.0;38;11
graph_15_0.75.gml;15;78;0.75;brute_force;0.5;7;False;-1;0.0035161972045898438;15916;6435
graph_15_0.75.gml;15;78;0.75;brute_force;0.75;11;False;-1;0.0009999275207519531;3731;1365
graph_15_0.125.gml;15;13;0.125;brute_force;0.125;1;True;(11, 68);0.0;1;-1
graph_15_0.125.gml;15;13;0.125;brute_force;0.25;3;True;(11, 68):(99, 95):(100, 6);0.0009996891021728516;4;-1
graph_15_0.125.gml;15;13;0.125;brute_force;0.5;7;True;(11, 68):(1, 29):(100, 6):(51, 100):(99, 95):(64, 8):(30, 2);0.0;259;46
graph_15_0.125.gml;15;13;0.125;brute_force;0.75;11;False;-1;0.0030002593994140625;11869;1365
graph_16_0.5.gml;16;60;0.5;brute_force;0.125;2;True;(11, 68):(100, 6);0.0;2;-1
graph_16_0.5.gml;16;60;0.5;brute_force;0.25;4;True;(1, 29):(72, 79):(33, 37):(100, 6);0.0;2074;715
graph_16_0.5.gml;16;60;0.5;brute_force;0.5;8;False;-1;0.008511066436767578;45349;12870
graph_16_0.5.gml;16;60;0.5;brute_force;0.75;12;False;-1;0.0025033950805664062;8428;1820
graph_16_0.25.gml;16;30;0.25;brute_force;0.125;2;True;(11, 68):(100, 6);0.0;2;-1
graph_16_0.25.gml;16;30;0.25;brute_force;0.25;4;True;(11, 68):(99, 95):(100, 6):(30, 2);0.0;7;-1
graph_16_0.25.gml;16;30;0.25;brute_force;0.5;8;False;-1;0.012511014938354492;62639;12870
graph_16_0.25.gml;16;30;0.25;brute_force;0.75;12;False;-1;0.001997232437133789;9546;1820
graph_16_0.75.gml;16;90;0.75;brute_force;0.125;2;True;(11, 68):(100, 6);0.0;2;-1
graph_16_0.75.gml;16;90;0.75;brute_force;0.25;4;False;-1;0.0010004043579101562;4252;1820
graph_16_0.75.gml;16;90;0.75;brute_force;0.5;8;False;-1;0.007508993148803711;33709;12870
graph_16_0.75.gml;16;90;0.75;brute_force;0.75;12;False;-1;0.001999378204345703;5730;1820
graph_16_0.125.gml;16;15;0.125;brute_force;0.125;2;True;(11, 68):(100, 6);0.0;2;-1
graph_16_0.125.gml;16;15;0.125;brute_force;0.25;4;True;(11, 68):(99, 95):(100, 6):(30, 2);0.0;7;-1
graph_16_0.125.gml;16;15;0.125;brute_force;0.5;8;True;(11, 68):(99, 58):(41, 72):(100, 6):(63, 50):(99, 95):(64, 8):(30, 2);0.0;975;84
graph_16_0.125.gml;16;15;0.125;brute_force;0.75;12;False;-1;0.002094268798828125;11625;1820
graph_17_0.5.gml;17;68;0.5;brute_force;0.125;2;True;(11, 68):(51, 100);0.0;10;4
graph_17_0.5.gml;17;68;0.5;brute_force;0.25;4;True;(11, 68):(51, 100):(3, 1):(72, 79);0.0;827;382
graph_17_0.5.gml;17;68;0.5;brute_force;0.5;8;False;-1;0.012508392333984375;60768;24310
graph_17_0.5.gml;17;68;0.5;brute_force;0.75;12;False;-1;0.003505229949951172;12976;6188
graph_17_0.25.gml;17;34;0.25;brute_force;0.125;2;True;(11, 68):(100, 6);0.0010061264038085938;2;-1
graph_17_0.25.gml;17;34;0.25;brute_force;0.25;4;True;(11, 68):(99, 95):(51, 100):(100, 6);0.0;17;2
graph_17_0.25.gml;17;34;0.25;brute_force;0.5;8;True;(11, 68):(27, 93):(72, 79):(3, 1):(51, 100):(1, 100):(99, 95):(84, 31);0.006514072418212891;36120;7531
graph_17_0.25.gml;17;34;0.25;brute_force;0.75;12;False;-1;0.007513999938964844;28280;6188
graph_17_0.75.gml;17;102;0.75;brute_force;0.125;2;True;(11, 68):(72, 79);0.0;22;10
graph_17_0.75.gml;17;102;0.75;brute_force;0.25;4;False;-1;0.0009987354278564453;5409;2380
graph_17_0.75.gml;17;102;0.75;brute_force;0.5;8;False;-1;0.012016773223876953;53303;24310
graph_17_0.75.gml;17;102;0.75;brute_force;0.75;12;False;-1;0.002994060516357422;12653;6188
graph_17_0.125.gml;17;17;0.125;brute_force;0.125;2;True;(11, 68):(100, 6);0.0;2;-1
graph_17_0.125.gml;17;17;0.125;brute_force;0.25;4;True;(11, 68):(99, 95):(100, 6):(30, 2);0.0;7;-1
graph_17_0.125.gml;17;17;0.125;brute_force;0.5;8;True;(11, 68):(72, 79):(41, 72):(100, 6):(51, 100):(1, 100):(99, 95):(30, 2);0.00099945068359375;2327;350
graph_17_0.125.gml;17;17;0.125;brute_force;0.75;12;False;-1;0.006507396697998047;34591;6188
graph_18_0.5.gml;18;76;0.5;brute_force;0.125;2;True;(11, 68):(100, 6);0.0010018348693847656;2;-1
graph_18_0.5.gml;18;76;0.5;brute_force;0.25;4;True;(11, 68):(72, 79):(41, 72):(100, 6);0.0;387;99
graph_18_0.5.gml;18;76;0.5;brute_force;0.5;9;False;-1;0.032375335693359375;133055;48620
graph_18_0.5.gml;18;76;0.5;brute_force;0.75;13;False;-1;0.006514310836791992;23255;8568
graph_18_0.25.gml;18;38;0.25;brute_force;0.125;2;True;(11, 68):(100, 6);0.0;2;-1
graph_18_0.25.gml;18;38;0.25;brute_force;0.25;4;True;(11, 68):(30, 2):(51, 100):(100, 6);0.0;84;16
graph_18_0.25.gml;18;38;0.25;brute_force;0.5;9;False;-1;0.05879521369934082;240566;48620
graph_18_0.25.gml;18;38;0.25;brute_force;0.75;13;False;-1;0.015527486801147461;44463;8568
graph_18_0.75.gml;18;114;0.75;brute_force;0.125;2;True;(11, 68):(64, 8);0.00099945068359375;16;7
graph_18_0.75.gml;18;114;0.75;brute_force;0.25;4;False;-1;0.0030002593994140625;6830;3060
graph_18_0.75.gml;18;114;0.75;brute_force;0.5;9;False;-1;0.023056745529174805;102561;48620
graph_18_0.75.gml;18;114;0.75;brute_force;0.75;13;False;-1;0.004034996032714844;17370;8568
graph_18_0.125.gml;18;19;0.125;brute_force;0.125;2;True;(11, 68):(100, 6);0.0;2;-1
graph_18_0.125.gml;18;19;0.125;brute_force;0.25;4;True;(11, 68):(30, 2):(51, 100):(100, 6);0.0;85;16
graph_18_0.125.gml;18;19;0.125;brute_force;0.5;9;True;(11, 68):(27, 93):(72, 79):(41, 72):(1, 29):(100, 6):(33, 37):(30, 2):(84, 31);0.01352834701538086;63419;7456
graph_18_0.125.gml;18;19;0.125;brute_force;0.75;13;False;-1;0.01254415512084961;56756;8568
graph_19_0.5.gml;19;85;0.5;brute_force;0.125;2;True;(11, 68):(100, 6);0.0;2;-1
graph_19_0.5.gml;19;85;0.5;brute_force;0.25;4;True;(11, 68):(63, 50):(100, 6):(13, 46);0.0009989738464355469;156;43
graph_19_0.5.gml;19;85;0.5;brute_force;0.5;9;False;-1;0.05506706237792969;275366;92378
graph_19_0.5.gml;19;85;0.5;brute_force;0.75;14;False;-1;0.00751185417175293;33037;11628
graph_19_0.25.gml;19;42;0.25;brute_force;0.125;2;True;(11, 68):(100, 6);0.0010020732879638672;2;-1
graph_19_0.25.gml;19;42;0.25;brute_force;0.25;4;True;(11, 68):(99, 95):(100, 6):(30, 2);0.0;7;-1
graph_19_0.25.gml;19;42;0.25;brute_force;0.5;9;True;(11, 68):(99, 58):(41, 72):(13, 46):(100, 6):(63, 50):(51, 100):(99, 95):(30, 2);0.0009996891021728516;1267;104
graph_19_0.25.gml;19;42;0.25;brute_force;0.75;14;False;-1;0.016521215438842773;86671;11628
graph_19_0.75.gml;19;128;0.75;brute_force;0.125;2;True;(11, 68):(100, 6);0.0;2;-1
graph_19_0.75.gml;19;128;0.75;brute_force;0.25;4;True;(1, 29):(72, 79):(47, 21):(64, 8);0.0019981861114501953;7707;3237
graph_19_0.75.gml;19;128;0.75;brute_force;0.5;9;False;-1;0.04808163642883301;242613;92378
graph_19_0.75.gml;19;128;0.75;brute_force;0.75;14;False;-1;0.007509708404541016;31758;11628
graph_19_0.125.gml;19;21;0.125;brute_force;0.125;2;True;(11, 68):(100, 6);0.0;2;-1
graph_19_0.125.gml;19;21;0.125;brute_force;0.25;4;True;(11, 68):(99, 95):(100, 6):(30, 2);0.0;7;-1
graph_19_0.125.gml;19;21;0.125;brute_force;0.5;9;True;(11, 68):(99, 58):(41, 72):(100, 6):(63, 50):(51, 100):(99, 95):(84, 31):(30, 2);0.0010027885437011719;1545;100
graph_19_0.125.gml;19;21;0.125;brute_force;0.75;14;False;-1;0.02352762222290039;125642;11628
graph_20_0.5.gml;20;95;0.5;brute_force;0.125;2;True;(11, 68):(99, 95);0.0;4;1
graph_20_0.5.gml;20;95;0.5;brute_force;0.25;5;True;(11, 68):(13, 46):(1, 100):(99, 95):(64, 8);0.0009989738464355469;3251;1292
graph_20_0.5.gml;20;95;0.5;brute_force;0.5;10;False;-1;0.12469005584716797;446327;184756
graph_20_0.5.gml;20;95;0.5;brute_force;0.75;15;False;-1;0.009586572647094727;35833;15504
graph_20_0.25.gml;20;47;0.25;brute_force;0.125;2;True;(11, 68):(99, 95);0.0;4;1
graph_20_0.25.gml;20;47;0.25;brute_force;0.25;5;True;(11, 68):(51, 100):(99, 95):(64, 8):(30, 2);0.0;1760;833
graph_20_0.25.gml;20;47;0.25;brute_force;0.5;10;False;-1;0.17676162719726562;726639;184756
graph_20_0.25.gml;20;47;0.25;brute_force;0.75;15;False;-1;0.012073993682861328;50575;15504
graph_20_0.75.gml;20;142;0.75;brute_force;0.125;2;True;(11, 68):(99, 95);0.0;4;1
graph_20_0.75.gml;20;142;0.75;brute_force;0.25;5;False;-1;0.007996082305908203;34619;15504
graph_20_0.75.gml;20;142;0.75;brute_force;0.5;10;False;-1;0.09869241714477539;401909;184756
graph_20_0.75.gml;20;142;0.75;brute_force;0.75;15;False;-1;0.008007287979125977;33416;15504
graph_20_0.125.gml;20;23;0.125;brute_force;0.125;2;True;(11, 68):(100, 6);0.0;2;-1
graph_20_0.125.gml;20;23;0.125;brute_force;0.25;5;True;(11, 68):(100, 6):(63, 50):(99, 95):(30, 2);0.0;11;-1
graph_20_0.125.gml;20;23;0.125;brute_force;0.5;10;True;(11, 68):(27, 93):(99, 58):(13, 46):(100, 6):(51, 100):(99, 95):(84, 31):(64, 8):(30, 2);0.014524221420288086;69177;3854
graph_20_0.125.gml;20;23;0.125;brute_force;0.75;15;False;-1;0.06147480010986328;279859;15504
graph_21_0.5.gml;21;105;0.5;brute_force;0.125;2;True;(11, 68):(100, 6);0.0;2;-1
graph_21_0.5.gml;21;105;0.5;brute_force;0.25;5;True;(11, 68):(27, 93):(1, 29):(1, 100):(99, 95);0.0025179386138916016;5439;1370
graph_21_0.5.gml;21;105;0.5;brute_force;0.5;10;False;-1;0.2679710388183594;1130572;352716
graph_21_0.5.gml;21;105;0.5;brute_force;0.75;15;False;-1;0.036281585693359375;185859;54264
graph_21_0.25.gml;21;52;0.25;brute_force;0.125;2;True;(11, 68):(100, 6);0.0010013580322265625;2;-1
graph_21_0.25.gml;21;52;0.25;brute_force;0.25;5;True;(11, 68):(100, 6):(99, 95):(64, 8):(30, 2);0.0;48;4
graph_21_0.25.gml;21;52;0.25;brute_force;0.5;10;False;-1;0.495511531829834;2225291;352716
graph_21_0.25.gml;21;52;0.25;brute_force;0.75;15;False;-1;0.10345768928527832;453845;54264
graph_21_0.75.gml;21;157;0.75;brute_force;0.125;2;True;(11, 68):(63, 50);0.0;8;3
graph_21_0.75.gml;21;157;0.75;brute_force;0.25;5;False;-1;0.009507894515991211;48865;20349
graph_21_0.75.gml;21;157;0.75;brute_force;0.5;10;False;-1;0.18812251091003418;817934;352716
graph_21_0.75.gml;21;157;0.75;brute_force;0.75;15;False;-1;0.029105424880981445;116809;54264
graph_21_0.125.gml;21;26;0.125;brute_force;0.125;2;True;(11, 68):(100, 6);0.0;2;-1
graph_21_0.125.gml;21;26;0.125;brute_force;0.25;5;True;(11, 68):(100, 6):(51, 100):(99, 95):(30, 2);0.0010006427764892578;21;1
graph_21_0.125.gml;21;26;0.125;brute_force;0.5;10;True;(11, 68):(27, 93):(72, 79):(41, 72):(100, 6):(51, 100):(99, 95):(84, 31):(64, 8):(30, 2);0.018031835556030273;83072;6370
graph_21_0.125.gml;21;26;0.125;brute_force;0.75;15;False;-1;0.10482597351074219;520319;54264
graph_22_0.5.gml;22;115;0.5;brute_force;0.125;2;True;(11, 68):(100, 6);0.0010025501251220703;2;-1
graph_22_0.5.gml;22;115;0.5;brute_force;0.25;5;True;(11, 68):(100, 6):(33, 37):(99, 95):(47, 21);0.0;536;99
graph_22_0.5.gml;22;115;0.5;brute_force;0.5;11;False;-1;0.47270703315734863;2321102;705432
graph_22_0.5.gml;22;115;0.5;brute_force;0.75;16;False;-1;0.06608128547668457;285078;74613
graph_22_0.25.gml;22;57;0.25;brute_force;0.125;2;True;(11, 68):(100, 6);0.0;2;-1
graph_22_0.25.gml;22;57;0.25;brute_force;0.25;5;True;(11, 68):(100, 6):(99, 95):(64, 8):(30, 2);0.0;37;4
graph_22_0.25.gml;22;57;0.25;brute_force;0.5;11;False;-1;0.7252144813537598;3447006;705432
graph_22_0.25.gml;22;57;0.25;brute_force;0.75;16;False;-1;0.0720818042755127;379430;74613
graph_22_0.75.gml;22;173;0.75;brute_force;0.125;2;True;(11, 68):(64, 8);0.0;16;7
graph_22_0.75.gml;22;173;0.75;brute_force;0.25;5;False;-1;0.011507987976074219;60310;26334
graph_22_0.75.gml;22;173;0.75;brute_force;0.5;11;False;-1;0.31578850746154785;1551422;705432
graph_22_0.75.gml;22;173;0.75;brute_force;0.75;16;False;-1;0.033087730407714844;161670;74613
graph_22_0.125.gml;22;28;0.125;brute_force;0.125;2;True;(11, 68):(100, 6);0.0;2;-1
graph_22_0.125.gml;22;28;0.125;brute_force;0.25;5;True;(11, 68):(100, 6):(63, 50):(99, 95):(30, 2);0.0;11;-1
graph_22_0.125.gml;22;28;0.125;brute_force;0.5;11;True;(11, 68):(99, 58):(41, 72):(13, 46):(100, 6):(63, 50):(33, 37):(99, 95):(44, 53):(91, 76):(30, 2);0.023529529571533203;126684;8450
graph_22_0.125.gml;22;28;0.125;brute_force;0.75;16;False;-1;0.1636357307434082;881465;74613
graph_23_0.5.gml;23;126;0.5;brute_force;0.125;2;True;(11, 68):(63, 50);0.0010013580322265625;8;3
graph_23_0.5.gml;23;126;0.5;brute_force;0.25;5;True;(11, 68):(72, 79):(71, 100):(63, 50):(44, 53);0.0025060176849365234;9201;4082
graph_23_0.5.gml;23;126;0.5;brute_force;0.5;11;False;-1;0.655681848526001;3315976;1352078
graph_23_0.5.gml;23;126;0.5;brute_force;0.75;17;False;-1;0.04256486892700195;212940;100947
graph_23_0.25.gml;23;63;0.25;brute_force;0.125;2;True;(11, 68):(99, 95);0.0;4;1
graph_23_0.25.gml;23;63;0.25;brute_force;0.25;5;True;(11, 68):(72, 79):(63, 50):(99, 95):(64, 8);0.0;3437;1551
graph_23_0.25.gml;23;63;0.25;brute_force;0.5;11;False;-1;0.9970293045043945;4837401;1352078
graph_23_0.25.gml;23;63;0.25;brute_force;0.75;17;False;-1;0.06582975387573242;275250;100947
graph_23_0.75.gml;23;189;0.75;brute_force;0.125;2;True;(11, 68):(63, 50);0.0;8;3
graph_23_0.75.gml;23;189;0.75;brute_force;0.25;5;False;-1;0.018160343170166016;77960;33649
graph_23_0.75.gml;23;189;0.75;brute_force;0.5;11;False;-1;0.6257555484771729;2976029;1352078
graph_23_0.75.gml;23;189;0.75;brute_force;0.75;17;False;-1;0.04349780082702637;207680;100947
graph_23_0.125.gml;23;31;0.125;brute_force;0.125;2;True;(11, 68):(100, 6);0.001001119613647461;2;-1
graph_23_0.125.gml;23;31;0.125;brute_force;0.25;5;True;(11, 68):(100, 6):(63, 50):(99, 95):(30, 2);0.0;11;-1
graph_23_0.125.gml;23;31;0.125;brute_force;0.5;11;True;(11, 68):(72, 79):(13, 46):(3, 1):(1, 29):(100, 6):(63, 50):(99, 95):(84, 31):(44, 53):(30, 2);0.02275371551513672;125815;9900
graph_23_0.125.gml;23;31;0.125;brute_force;0.75;17;False;-1;0.20149445533752441;1046798;100947
graph_24_0.5.gml;24;138;0.5;brute_force;0.125;3;True;(11, 68):(30, 2):(1, 29);0.0;96;45
graph_24_0.5.gml;24;138;0.5;brute_force;0.25;6;True;(72, 79):(71, 100):(18, 19):(80, 61):(30, 2):(84, 31);0.04861164093017578;253914;94817
graph_24_0.5.gml;24;138;0.5;brute_force;0.5;12;False;-1;1.4210002422332764;6792316;2704156
graph_24_0.5.gml;24;138;0.5;brute_force;0.75;18;False;-1;0.06159543991088867;287136;134596
graph_24_0.25.gml;24;69;0.25;brute_force;0.125;3;True;(11, 68):(99, 95):(30, 2);0.0;48;22
graph_24_0.25.gml;24;69;0.25;brute_force;0.25;6;True;(11, 68):(41, 72):(1, 29):(63, 50):(99, 95):(30, 2);0.0029990673065185547;14779;7338
graph_24_0.25.gml;24;69;0.25;brute_force;0.5;12;False;-1;1.990938663482666;9640123;2704156
graph_24_0.25.gml;24;69;0.25;brute_force;0.75;18;False;-1;0.07556867599487305;380312;134596
graph_24_0.75.gml;24;207;0.75;brute_force;0.125;3;True;(11, 68):(30, 2):(1, 29);0.0;96;45
graph_24_0.75.gml;24;207;0.75;brute_force;0.25;6;False;-1;0.060555458068847656;317105;134596
graph_24_0.75.gml;24;207;0.75;brute_force;0.5;12;False;-1;1.337465524673462;6055015;2704156
graph_24_0.75.gml;24;207;0.75;brute_force;0.75;18;False;-1;0.06720781326293945;276113;134596
graph_24_0.125.gml;24;34;0.125;brute_force;0.125;3;True;(11, 68):(30, 2):(100, 6);0.0;8;1
graph_24_0.125.gml;24;34;0.125;brute_force;0.25;6;True;(11, 68):(1, 29):(100, 6):(63, 50):(51, 100):(30, 2);0.0009989738464355469;7840;1330
graph_24_0.125.gml;24;34;0.125;brute_force;0.5;12;True;(11, 68):(72, 79):(47, 21):(41, 72):(71, 100):(3, 1):(1, 29):(18, 19):(80, 61):(99, 95):(64, 8):(30, 2);1.0097343921661377;5311625;782429
graph_24_0.125.gml;24;34;0.125;brute_force;0.75;18;False;-1;0.15869998931884766;850713;134596
graph_25_0.5.gml;25;150;0.5;brute_force;0.125;3;True;(11, 68):(99, 95):(63, 50);0.0;54;24
graph_25_0.5.gml;25;150;0.5;brute_force;0.25;6;True;(71, 100):(13, 46):(18, 19):(100, 6):(64, 29):(30, 2);0.032034873962402344;162306;55736
graph_25_0.5.gml;25;150;0.5;brute_force;0.5;12;False;-1;3.0597853660583496;14422872;5200300
graph_25_0.5.gml;25;150;0.5;brute_force;0.75;18;False;-1;0.2986629009246826;1242332;480700
graph_25_0.25.gml;25;75;0.25;brute_force;0.125;3;True;(11, 68):(99, 95):(100, 6);0.0;4;-1
graph_25_0.25.gml;25;75;0.25;brute_force;0.25;6;True;(11, 68):(100, 6):(63, 50):(99, 95):(64, 8):(30, 2);0.0;43;3
graph_25_0.25.gml;25;75;0.25;brute_force;0.5;12;False;-1;5.813035011291504;28734664;5200300
graph_25_0.25.gml;25;75;0.25;brute_force;0.75;18;False;-1;0.552070140838623;2873311;480700
graph_25_0.75.gml;25;225;0.75;brute_force;0.125;3;True;(64, 29):(99, 58):(100, 6);0.0;868;390
graph_25_0.75.gml;25;225;0.75;brute_force;0.25;6;False;-1;0.07818007469177246;394863;177100
graph_25_0.75.gml;25;225;0.75;brute_force;0.5;12;False;-1;2.60036563873291;11183688;5200300
graph_25_0.75.gml;25;225;0.75;brute_force;0.75;18;False;-1;0.24360060691833496;988567;480700
graph_25_0.125.gml;25;37;0.125;brute_force;0.125;3;True;(11, 68):(99, 95):(100, 6);0.0;4;-1
graph_25_0.125.gml;25;37;0.125;brute_force;0.25;6;True;(11, 68):(100, 6):(63, 50):(51, 100):(99, 95):(30, 2);0.0;16;-1
graph_25_0.125.gml;25;37;0.125;brute_force;0.5;12;True;(11, 68):(27, 93):(41, 72):(71, 100):(100, 6):(18, 19):(63, 50):(80, 61):(1, 100):(99, 95):(44, 53):(30, 2);0.17068171501159668;767192;73008
graph_25_0.125.gml;25;37;0.125;brute_force;0.75;18;False;-1;0.7300636768341064;3887054;480700
graph_26_0.5.gml;26;162;0.5;brute_force;0.125;3;True;(11, 68):(99, 58):(64, 8);0.0;262;129
graph_26_0.5.gml;26;162;0.5;brute_force;0.25;6;True;(41, 72):(99, 58):(100, 6):(80, 61):(33, 37):(64, 8);0.04331684112548828;233012;84045
graph_26_0.5.gml;26;162;0.5;brute_force;0.5;13;False;-1;6.300216197967529;30041004;10400600
graph_26_0.5.gml;26;162;0.5;brute_force;0.75;19;False;-1;0.34185194969177246;1625742;657800
graph_26_0.25.gml;26;81;0.25;brute_force;0.125;3;True;(11, 68):(99, 95):(100, 6);0.0009899139404296875;4;-1
graph_26_0.25.gml;26;81;0.25;brute_force;0.25;6;True;(11, 68):(100, 6):(51, 100):(1, 100):(99, 95):(64, 8);0.0010006427764892578;2095;479
graph_26_0.25.gml;26;81;0.25;brute_force;0.5;13;False;-1;9.186206579208374;47686142;10400600
graph_26_0.25.gml;26;81;0.25;brute_force;0.75;19;False;-1;0.5627529621124268;2763782;657800
graph_26_0.75.gml;26;243;0.75;brute_force;0.125;3;True;(30, 2):(33, 37):(100, 6);0.0005054473876953125;678;328
graph_26_0.75.gml;26;243;0.75;brute_force;0.25;6;False;-1;0.12221527099609375;526251;230230
graph_26_0.75.gml;26;243;0.75;brute_force;0.5;13;False;-1;4.7083940505981445;22066747;10400600
graph_26_0.75.gml;26;243;0.75;brute_force;0.75;19;False;-1;0.32895469665527344;1348113;657800
graph_26_0.125.gml;26;40;0.125;brute_force;0.125;3;True;(11, 68):(99, 95):(100, 6);0.0;4;-1
graph_26_0.125.gml;26;40;0.125;brute_force;0.25;6;True;(11, 68):(100, 6):(63, 50):(51, 100):(99, 95):(64, 8);0.0010042190551757812;2434;233
graph_26_0.125.gml;26;40;0.125;brute_force;0.5;13;True;(11, 68):(100, 40):(47, 21):(3, 1):(100, 6):(80, 61):(51, 100):(64, 29):(33, 37):(30, 2):(84, 31):(44, 53):(64, 8);5.171605110168457;26351265;1567391
graph_26_0.125.gml;26;40;0.125;brute_force;0.75;19;False;-1;1.730353832244873;9183778;657800
graph_27_0.5.gml;27;175;0.5;brute_force;0.125;3;True;(11, 68):(33, 37):(100, 6);0.0010170936584472656;28;7
graph_27_0.5.gml;27;175;0.5;brute_force;0.25;6;True;(41, 72):(18, 19):(100, 6):(64, 29):(82, 1):(47, 21);0.06358075141906738;333058;116655
graph_27_0.5.gml;27;175;0.5;brute_force;0.5;13;False;-1;13.033042669296265;61274099;20058300
graph_27_0.5.gml;27;175;0.5;brute_force;0.75;20;False;-1;0.7305498123168945;3704155;888030
graph_27_0.25.gml;27;87;0.25;brute_force;0.125;3;True;(11, 68):(30, 2):(100, 6);0.0;8;1
graph_27_0.25.gml;27;87;0.25;brute_force;0.25;6;True;(11, 68):(99, 58):(41, 72):(100, 6):(33, 37):(30, 2);0.002998828887939453;14409;2675
graph_27_0.25.gml;27;87;0.25;brute_force;0.5;13;False;-1;18.50741219520569;92516867;20058300
graph_27_0.25.gml;27;87;0.25;brute_force;0.75;20;False;-1;0.7967171669006348;4125355;888030
graph_27_0.75.gml;27;263;0.75;brute_force;0.125;3;True;(11, 68):(44, 53):(41, 72);0.0010540485382080078;496;228
graph_27_0.75.gml;27;263;0.75;brute_force;0.25;6;False;-1;0.12327194213867188;653753;296010
graph_27_0.75.gml;27;263;0.75;brute_force;0.5;13;False;-1;8.420186758041382;40548656;20058300
graph_27_0.75.gml;27;263;0.75;brute_force;0.75;20;False;-1;0.3962702751159668;1776138;888030
graph_27_0.125.gml;27;43;0.125;brute_force;0.125;3;True;(11, 68):(30, 2):(100, 6);0.0;8;1
graph_27_0.125.gml;27;43;0.125;brute_force;0.25;6;True;(11, 68):(99, 58):(100, 6):(63, 50):(33, 37):(30, 2);0.0030570030212402344;12459;2066
graph_27_0.125.gml;27;43;0.125;brute_force;0.5;13;True;(11, 68):(72, 79):(41, 72):(3, 1):(100, 6):(18, 19):(63, 50):(80, 61):(64, 29):(33, 37):(27, 93):(84, 31):(55, 83);4.718363285064697;24223101;3721367
graph_27_0.125.gml;27;43;0.125;brute_force;0.75;20;False;-1;0.8659329414367676;4375653;888030
graph_28_0.5.gml;28;189;0.5;brute_force;0.125;3;True;(11, 68):(99, 95):(63, 50);0.0;60;27
graph_28_0.5.gml;28;189;0.5;brute_force;0.25;7;False;-1;0.7111949920654297;3765657;1184040
graph_28_0.5.gml;28;189;0.5;brute_force;0.5;14;False;-1;30.09892249107361;147274611;40116600
graph_28_0.5.gml;28;189;0.5;brute_force;0.75;21;False;-1;0.8853564262390137;4155639;1184040
graph_28_0.25.gml;28;94;0.25;brute_force;0.125;3;True;(11, 68):(99, 95):(30, 2);0.0;56;26
graph_28_0.25.gml;28;94;0.25;brute_force;0.25;7;True;(11, 68):(99, 58):(51, 100):(33, 37):(99, 95):(64, 8):(30, 2);0.028529644012451172;150739;67761
graph_28_0.25.gml;28;94;0.25;brute_force;0.5;14;False;-1;50.14773774147034;252228754;40116600
graph_28_0.25.gml;28;94;0.25;brute_force;0.75;21;False;-1;1.292811393737793;6457093;1184040
graph_28_0.75.gml;28;283;0.75;brute_force;0.125;3;True;(11, 68):(99, 95):(63, 50);0.0009987354278564453;60;27
graph_28_0.75.gml;28;283;0.75;brute_force;0.25;7;False;-1;0.5791828632354736;2949531;1184040
graph_28_0.75.gml;28;283;0.75;brute_force;0.5;14;False;-1;24.36562204360962;114692621;40116600
graph_28_0.75.gml;28;283;0.75;brute_force;0.75;21;False;-1;0.7103078365325928;3349446;1184040
graph_28_0.125.gml;28;47;0.125;brute_force;0.125;3;True;(11, 68):(99, 95):(30, 2);0.0;56;26
graph_28_0.125.gml;28;47;0.125;brute_force;0.25;7;True;(11, 68):(99, 58):(63, 50):(51, 100):(33, 37):(99, 95):(30, 2);0.026495933532714844;131878;65802
graph_28_0.125.gml;28;47;0.125;brute_force;0.5;14;False;-1;59.10321927070618;302163673;40116600
graph_28_0.125.gml;28;47;0.125;brute_force;0.75;21;False;-1;1.4333372116088867;6822355;1184040
graph_29_0.5.gml;29;203;0.5;brute_force;0.125;3;True;(11, 68):(63, 50):(51, 100);0.00099945068359375;160;78
graph_29_0.5.gml;29;203;0.5;brute_force;0.25;7;False;-1;0.8884942531585693;4570945;1560780
graph_29_0.5.gml;29;203;0.5;brute_force;0.5;14;False;-1;40.94290852546692;197356709;77558760
graph_29_0.5.gml;29;203;0.5;brute_force;0.75;21;False;-1;1.9864907264709473;9053711;4292145
graph_29_0.25.gml;29;101;0.25;brute_force;0.125;3;True;(11, 68):(63, 50):(100, 6);0.0;11;2
graph_29_0.25.gml;29;101;0.25;brute_force;0.25;7;True;(11, 68):(99, 58):(41, 72):(100, 6):(63, 50):(51, 100):(64, 8);0.023027658462524414;122046;27834
graph_29_0.25.gml;29;101;0.25;brute_force;0.5;14;False;-1;74.47525143623352;367437233;77558760
graph_29_0.25.gml;29;101;0.25;brute_force;0.75;21;False;-1;4.000468015670776;18102398;4292145
graph_29_0.75.gml;29;304;0.75;brute_force;0.125;3;True;(11, 68):(41, 72):(91, 76);0.0010030269622802734;510;249
graph_29_0.75.gml;29;304;0.75;brute_force;0.25;7;False;-1;0.7116146087646484;3416021;1560780
graph_29_0.75.gml;29;304;0.75;brute_force;0.5;14;False;-1;34.05352735519409;160772092;77558760
graph_29_0.75.gml;29;304;0.75;brute_force;0.75;21;False;-1;1.8758337497711182;8637632;4292145
graph_29_0.125.gml;29;50;0.125;brute_force;0.125;3;True;(11, 68):(99, 95):(100, 6);0.0;4;-1
graph_29_0.125.gml;29;50;0.125;brute_force;0.25;7;True;(11, 68):(41, 72):(100, 6):(63, 50):(51, 100):(33, 37):(99, 95);0.0025053024291992188;10163;2365
graph_29_0.125.gml;29;50;0.125;brute_force;0.5;14;True;(11, 68):(99, 58):(41, 72):(71, 100):(100, 6):(63, 50):(51, 100):(64, 29):(82, 1):(33, 37):(1, 83):(84, 31):(55, 83):(64, 8);15.719535827636719;79552704;12714653
graph_29_0.125.gml;29;50;0.125;brute_force;0.75;21;False;-1;5.65492844581604;27741007;4292145
graph_30_0.5.gml;30;217;0.5;brute_force;0.125;3;True;(11, 68):(99, 95):(100, 6);0.0010027885437011719;4;-1
graph_30_0.5.gml;30;217;0.5;brute_force;0.25;7;False;-1;1.4683599472045898;6981083;2035800
graph_30_0.5.gml;30;217;0.5;brute_force;0.5;15;False;-1;136.681725025177;660343415;155117520
graph_30_0.5.gml;30;217;0.5;brute_force;0.75;22;False;-1;5.778130054473877;27164736;5852925
graph_30_0.25.gml;30;108;0.25;brute_force;0.125;3;True;(11, 68):(99, 95):(100, 6);0.0010035037994384766;4;-1
graph_30_0.25.gml;30;108;0.25;brute_force;0.25;7;True;(11, 68):(1, 29):(100, 6):(63, 50):(1, 100):(99, 95):(64, 8);0.002503633499145508;13868;2899
graph_30_0.25.gml;30;108;0.25;brute_force;0.5;15;False;-1;205.9577751159668;1045745510;155117520
graph_30_0.25.gml;30;108;0.25;brute_force;0.75;22;False;-1;7.354693174362183;36975585;5852925
graph_30_0.75.gml;30;326;0.75;brute_force;0.125;3;True;(11, 68):(63, 50):(51, 100);0.0009951591491699219;166;81
graph_30_0.75.gml;30;326;0.75;brute_force;0.25;7;False;-1;0.9789144992828369;5159163;2035800
graph_30_0.75.gml;30;326;0.75;brute_force;0.5;15;False;-1;84.5532922744751;402453219;155117520
graph_30_0.75.gml;30;326;0.75;brute_force;0.75;22;False;-1;3.0605170726776123;14027446;5852925
graph_30_0.125.gml;30;54;0.125;brute_force;0.125;3;True;(11, 68):(99, 95):(100, 6);0.0;4;-1
graph_30_0.125.gml;30;54;0.125;brute_force;0.25;7;True;(11, 68):(99, 58):(1, 29):(100, 6):(63, 50):(99, 95):(30, 2);0.0;373;24
graph_30_0.125.gml;30;54;0.125;brute_force;0.5;15;True;(11, 68):(100, 40):(47, 21):(91, 76):(1, 29):(100, 6):(63, 50):(80, 61):(27, 58):(1, 100):(99, 95):(1, 83):(44, 53):(64, 8):(30, 2);8.44534420967102;46036891;1753298
graph_30_0.125.gml;30;54;0.125;brute_force;0.75;22;False;-1;28.81773018836975;153717508;5852925
graph_31_0.5.gml;31;232;0.5;brute_force;0.125;3;True;(11, 68):(99, 95):(41, 72);0.0015990734100341797;92;38
graph_31_0.5.gml;31;232;0.5;brute_force;0.25;7;False;-1;1.7149379253387451;7870392;2629575
graph_31_0.5.gml;31;232;0.5;brute_force;0.5;15;False;-1;185.46056413650513;885044233;300540195
graph_31_0.5.gml;31;232;0.5;brute_force;0.75;23;False;-1;4.7346906661987305;21589203;7888725
graph_31_0.25.gml;31;116;0.25;brute_force;0.125;3;True;(11, 68):(99, 95):(30, 2);0.0;62;29
graph_31_0.25.gml;31;116;0.25;brute_force;0.25;7;True;(11, 68):(41, 72):(13, 46):(1, 29):(1, 100):(99, 95):(30, 2);0.056691884994506836;274902;124372
graph_31_0.25.gml;31;116;0.25;brute_force;0.5;15;False;-1;378.78496503829956;1872992874;300540195
graph_31_0.25.gml;31;116;0.25;brute_force;0.75;23;False;-1;9.516618967056274;47176581;7888725
graph_31_0.75.gml;31;348;0.75;brute_force;0.125;3;True;(11, 68):(99, 95):(27, 58);0.0010027885437011719;141;53
graph_31_0.75.gml;31;348;0.75;brute_force;0.25;7;False;-1;1.2016642093658447;6008892;2629575
graph_31_0.75.gml;31;348;0.75;brute_force;0.5;15;False;-1;141.89543271064758;663270151;300540195
graph_31_0.75.gml;31;348;0.75;brute_force;0.75;23;False;-1;3.8917043209075928;17035899;7888725
graph_31_0.125.gml;31;58;0.125;brute_force;0.125;3;True;(11, 68):(99, 95):(100, 6);0.0;4;-1
graph_31_0.125.gml;31;58;0.125;brute_force;0.25;7;True;(11, 68):(1, 29):(100, 6):(63, 50):(99, 95):(64, 8):(30, 2);0.0009992122650146484;374;26
graph_31_0.125.gml;31;58;0.125;brute_force;0.5;15;True;(11, 68):(47, 21):(91, 76):(13, 46):(3, 1):(1, 29):(100, 6):(63, 50):(1, 100):(48, 3):(99, 95):(82, 1):(55, 83):(64, 8):(30, 2);6.815863132476807;36479243;2711131
graph_31_0.125.gml;31;58;0.125;brute_force;0.75;23;False;-1;16.53808355331421;85128561;7888725
graph_32_0.5.gml;32;248;0.5;brute_force;0.125;4;True;(11, 68):(30, 2):(51, 100):(99, 58);0.0;1815;869
graph_32_0.5.gml;32;248;0.5;brute_force;0.25;8;False;-1;6.303696870803833;31489469;10518300
graph_32_0.5.gml;32;248;0.5;brute_force;0.5;16;False;-1;368.8821852207184;1758900130;601080390
graph_32_0.5.gml;32;248;0.5;brute_force;0.75;24;False;-1;5.833730936050415;25751011;10518300
graph_32_0.25.gml;32;124;0.25;brute_force;0.125;4;True;(11, 68):(30, 2):(51, 100):(99, 58);0.0;1822;869
graph_32_0.25.gml;32;124;0.25;brute_force;0.25;8;True;(11, 68):(27, 93):(72, 79):(99, 58):(18, 19):(51, 100):(30, 2):(47, 21);0.5415525436401367;2723407;1167278
graph_32_0.25.gml;32;124;0.25;brute_force;0.5;16;False;-1;522.3114194869995;2314397463;601080390
graph_32_0.25.gml;32;124;0.25;brute_force;0.75;24;False;-1;5.704200744628906;27727419;10518300
graph_32_0.75.gml;32;372;0.75;brute_force;0.125;4;True;(11, 68):(18, 19):(41, 72):(71, 100);0.001999378204345703;7389;3435
graph_32_0.75.gml;32;372;0.75;brute_force;0.25;8;False;-1;5.1435933113098145;25453053;10518300
graph_32_0.75.gml;32;372;0.75;brute_force;0.5;16;False;-1;301.1176357269287;1431649638;601080390
graph_32_0.75.gml;32;372;0.75;brute_force;0.75;24;False;-1;4.9235429763793945;23475597;10518300
graph_32_0.125.gml;32;62;0.125;brute_force;0.125;4;True;(11, 68):(30, 2):(51, 100):(63, 50);0.0009675025939941406;1689;841
graph_32_0.125.gml;32;62;0.125;brute_force;0.25;8;True;(11, 68):(99, 58):(41, 72):(63, 50):(51, 100):(33, 37):(30, 2):(64, 8);0.47115302085876465;2149161;1071097
graph_32_0.125.gml;32;62;0.125;brute_force;0.5;16;True;(27, 93):(100, 40):(47, 21):(99, 58):(41, 72):(3, 1):(1, 29):(100, 6):(63, 50):(27, 58):(82, 1):(1, 83):(99, 95):(84, 31):(64, 8):(30, 2);199.62796759605408;981572711;308916885
graph_32_0.125.gml;32;62;0.125;brute_force;0.75;24;False;-1;8.381359338760376;38255539;10518300
graph_33_0.5.gml;33;264;0.5;brute_force;0.125;4;True;(11, 68):(99, 95):(1, 29):(100, 6);0.0009999275207519531;22;3
graph_33_0.5.gml;33;264;0.5;brute_force;0.25;8;False;-1;8.455241680145264;43686901;13884156
graph_33_0.5.gml;33;264;0.5;brute_force;0.5;16;False;-1;879.2987148761749;4088779648;1166803110
graph_33_0.5.gml;33;264;0.5;brute_force;0.75;24;False;-1;30.799607276916504;139507585;38567100
graph_33_0.25.gml;33;132;0.25;brute_force;0.125;4;True;(11, 68):(99, 95):(100, 6):(63, 50);0.0009982585906982422;11;1
graph_33_0.25.gml;33;132;0.25;brute_force;0.25;8;True;(11, 68):(27, 93):(71, 100):(100, 6):(63, 50):(80, 61):(33, 37):(99, 95);0.03499889373779297;175811;34590
graph_33_0.25.gml;33;132;0.25;brute_force;0.5;16;False;-1;1390.4242196083069;6364613405;1166803110
graph_33_0.25.gml;33;132;0.25;brute_force;0.75;24;False;-1;44.17737150192261;200959913;38567100
graph_33_0.75.gml;33;396;0.75;brute_force;0.125;4;True;(91, 76):(99, 58):(100, 6):(60, 68);0.004040241241455078;16419;7086
graph_33_0.75.gml;33;396;0.75;brute_force;0.25;8;False;-1;7.4953858852386475;32313807;13884156
graph_33_0.75.gml;33;396;0.75;brute_force;0.5;16;False;-1;665.0078806877136;2822118427;1166803110
graph_33_0.75.gml;33;396;0.75;brute_force;0.75;24;False;-1;23.278496503829956;98982547;38567100
graph_33_0.125.gml;33;66;0.125;brute_force;0.125;4;True;(11, 68):(99, 95):(100, 6):(30, 2);0.0;7;-1
graph_33_0.125.gml;33;66;0.125;brute_force;0.25;8;True;(11, 68):(41, 72):(1, 29):(100, 6):(63, 50):(51, 100):(99, 95):(30, 2);0.0;131;5
graph_33_0.125.gml;33;66;0.125;brute_force;0.5;16;True;(27, 93):(72, 79):(41, 72):(99, 58):(71, 100):(60, 68):(80, 61):(27, 58):(82, 1):(1, 83):(99, 95):(84, 31):(44, 53):(55, 83):(47, 21):(30, 2);1871.4366908073425;8138138255;938924873
graph_33_0.125.gml;33;66;0.125;brute_force;0.75;24;False;-1;77.72979164123535;360227937;38567100
graph_34_0.5.gml;34;280;0.5;brute_force;0.125;4;True;(11, 68):(51, 100):(1, 100):(64, 8);0.0009975433349609375;3812;1856
graph_34_0.5.gml;34;280;0.5;brute_force;0.25;8;False;-1;10.772107601165771;57511860;18156204
graph_34_0.5.gml;34;280;0.5;brute_force;0.5;17;False;-1;1533.149905204773;7150834150;2333606220
graph_34_0.5.gml;34;280;0.5;brute_force;0.75;25;False;-1;31.163983583450317;132468143;52451256
graph_34_0.25.gml;34;140;0.25;brute_force;0.125;4;True;(11, 68):(99, 95):(63, 50):(30, 2);0.0009999275207519531;999;496
graph_34_0.25.gml;34;140;0.25;brute_force;0.25;8;True;(11, 68):(27, 93):(63, 50):(51, 100):(24, 77):(1, 100):(99, 95):(30, 2);0.36657094955444336;1823894;907543
graph_34_0.25.gml;34;140;0.25;brute_force;0.5;17;False;-1;2798.0609629154205;12150557301;2333606220
graph_34_0.25.gml;34;140;0.25;brute_force;0.75;25;False;-1;44.89841294288635;200398318;52451256
graph_34_0.75.gml;34;420;0.75;brute_force;0.125;4;True;(11, 68):(1, 83):(64, 29):(47, 21);0.004004716873168945;10841;4715
graph_34_0.75.gml;34;420;0.75;brute_force;0.25;8;False;-1;8.631474494934082;42220322;18156204
graph_34_0.75.gml;34;420;0.75;brute_force;0.5;17;False;-1;1373.3254330158234;5202203734;2333606220
graph_34_0.75.gml;34;420;0.75;brute_force;0.75;25;False;-1;31.776662588119507;113507295;52451256
graph_34_0.125.gml;34;70;0.125;brute_force;0.125;4;True;(11, 68):(99, 95):(63, 50):(30, 2);0.0;999;496
graph_34_0.125.gml;34;70;0.125;brute_force;0.25;8;True;(11, 68):(72, 79):(63, 50):(51, 100):(1, 100):(99, 95):(64, 8):(30, 2);0.4694802761077881;1818057;906892
graph_34_0.125.gml;34;70;0.125;brute_force;0.5;17;False;-1;4465.1069321632385;19940153485;2333606220
graph_34_0.125.gml;34;70;0.125;brute_force;0.75;25;False;-1;71.94572710990906;340817757;52451256
graph_35_0.5.gml;35;297;0.5;brute_force;0.125;4;True;(11, 68):(99, 95):(33, 37):(63, 50);0.0;1177;563
graph_35_0.5.gml;35;297;0.5;brute_force;0.25;8;False;-1;14.118956565856934;68754868;23535820
graph_35_0.5.gml;35;297;0.5;brute_force;0.5;17;False;-1;3000.902018070221;12818899912;4537567650
graph_35_0.5.gml;35;297;0.5;brute_force;0.75;26;False;-1;41.59742617607117;174655739;70607460
graph_35_0.25.gml;35;148;0.25;brute_force;0.125;4;True;(11, 68):(99, 95):(100, 6):(63, 50);0.0;11;1
graph_35_0.25.gml;35;148;0.25;brute_force;0.25;8;True;(11, 68):(71, 100):(100, 6):(63, 50):(51, 100):(48, 3):(99, 95):(100, 40);0.03765273094177246;158302;34508
graph_35_0.25.gml;35;148;0.25;brute_force;0.5;17;False;-1;4972.92570400238;23088679521;4537567650
graph_35_0.25.gml;35;148;0.25;brute_force;0.75;26;False;-1;71.67788672447205;335425665;70607460
graph_35_0.75.gml;35;446;0.75;brute_force;0.125;4;True;(80, 61):(24, 77):(100, 6):(48, 3);0.006586551666259766;24360;11263
graph_35_0.75.gml;35;446;0.75;brute_force;0.25;8;False;-1;11.007749319076538;52243878;23535820
graph_35_0.75.gml;35;446;0.75;brute_force;0.5;17;False;-1;2158.6908161640167;9430249308;4537567650
graph_35_0.75.gml;35;446;0.75;brute_force;0.75;26;False;-1;33.841248989105225;141603689;70607460
graph_35_0.125.gml;35;74;0.125;brute_force;0.125;4;True;(11, 68):(99, 95):(100, 6):(63, 50);0.001003265380859375;11;1
graph_35_0.125.gml;35;74;0.125;brute_force;0.25;8;True;(11, 68):(27, 93):(99, 58):(100, 6):(63, 50):(51, 100):(99, 95):(44, 53);0.02676868438720703;133888;32009
graph_35_0.125.gml;35;74;0.125;brute_force;0.5;17;False;-1;7817.61936712265;35575209450;4537567650
graph_35_0.125.gml;35;74;0.125;brute_force;0.75;26;False;-1;114.75925469398499;494788082;70607460

